SCORE:,-379.891,-2.650,-612.712,118.364,-203.164,1.091,17.936,65.097,334.048,-24.487,-61.561,-11.006,-18.074,-13.525,6.376,-36.578,0.179,-5.787,66.342,0.220,1ri8_2_0001_0001,1
SCORE:,-164.897,-0.941,-619.412,162.110,-137.757,2.316,27.025,92.871,355.650,-13.634,-51.721,-15.363,-10.817,-8.770,12.783,-27.405,1.092,19.115,47.855,0.106,nozinc_0001,1
SCORE:,-365.722,-0.873,-660.981,139.445,-198.444,1.204,22.678,70.735,372.472,-31.476,-65.846,-13.904,-16.193,-13.563,8.530,-32.241,0.466,-7.445,59.515,0.200,1mvf_2_0001_0001,1
SCORE:,-375.161,-0.945,-680.112,146.978,-200.396,1.240,23.494,73.300,380.698,-31.628,-66.153,-13.584,-16.567,-15.336,7.802,-31.052,0.476,-6.995,53.414,0.205,1mvf_2_0001,0
SCORE:,-278.619,-0.945,-606.510,162.805,-192.628,1.178,20.161,68.069,340.221,-27.210,-55.662,-10.846,-13.840,-8.855,7.763,-35.339,0.151,11.708,61.050,0.110,1bzq_2_0001_0001,1
SCORE:,-288.509,-1.022,-614.322,170.422,-202.474,1.226,21.391,67.368,345.388,-26.566,-53.940,-15.228,-13.225,-8.025,6.819,-34.638,0.152,12.953,54.948,0.264,1bzq_2_0001,0
SCORE:,-381.336,-2.628,-691.042,140.118,-213.683,1.234,19.057,71.858,390.652,-20.810,-63.404,-25.034,-18.228,-11.141,4.417,-37.663,0.351,2.117,72.325,0.168,1jtp_2_0001_0001,1
SCORE:,-386.280,-2.714,-698.997,147.573,-214.655,1.271,20.092,69.722,392.927,-21.578,-62.837,-22.909,-17.676,-12.868,4.573,-37.151,0.340,2.178,66.223,0.208,1jtp_2_0001,0
SCORE:,-376.284,-0.853,-618.030,129.080,-202.259,1.091,19.849,61.293,351.965,-27.211,-63.319,-19.237,-13.113,-11.782,4.643,-33.821,0.660,-8.249,52.757,0.251,1op9_2_0001_0001,1
SCORE:,-382.318,-0.837,-634.385,137.036,-202.879,1.129,20.633,63.109,357.974,-27.601,-62.948,-19.148,-13.261,-13.206,4.494,-32.900,0.646,-7.117,46.655,0.286,1op9_2_0001,0
SCORE:,-386.025,-2.708,-632.710,128.377,-210.116,1.132,18.931,66.975,351.159,-24.422,-61.086,-15.746,-17.983,-13.694,6.285,-35.985,0.244,-5.614,60.771,0.164,1ri8_2_0001,0
SCORE:,-368.355,-0.754,-661.010,135.540,-184.716,1.426,20.138,77.465,340.239,-26.597,-65.591,-11.717,-14.874,-11.452,6.565,-29.618,0.756,-0.028,55.595,0.278,1zvh_2_0001,0
SCORE:,-365.615,-0.668,-650.388,127.516,-183.893,1.371,18.774,75.604,338.387,-26.564,-64.768,-14.587,-14.858,-9.032,7.224,-31.300,0.783,-1.098,61.697,0.184,1zvh_2_0001_0001,1
SCORE:,-356.886,-1.027,-668.227,157.593,-200.475,1.046,19.769,70.441,341.619,-16.317,-63.975,-17.173,-14.781,-11.787,11.294,-37.574,1.858,1.750,68.854,0.226,4hep_2_0001,0
SCORE:,-346.702,-1.041,-642.528,149.225,-196.126,0.994,18.568,67.878,324.779,-18.042,-65.546,-12.546,-14.979,-11.207,12.054,-36.579,1.706,2.027,74.424,0.236,4hep_2_0001_0001,1
SCORE:,-364.317,-2.326,-684.758,159.480,-222.584,1.302,22.644,68.215,409.525,-31.148,-63.549,-24.692,-11.783,-13.518,9.514,-30.589,0.285,-3.141,52.744,0.063,4w6y_2_0001,0
SCORE:,-357.762,-2.399,-664.126,152.595,-222.096,1.199,21.397,64.419,401.732,-33.213,-62.566,-24.506,-11.520,-10.818,10.228,-32.092,0.225,-5.116,58.846,0.049,4w6y_2_0001_0001,1
SCORE:,-406.540,-1.886,-657.582,122.662,-196.759,0.917,18.701,61.892,348.410,-28.338,-63.308,-13.978,-12.515,-11.543,7.161,-39.517,0.663,-6.694,65.125,0.049,4y7m_2_0001_0001,1
SCORE:,-416.141,-1.801,-675.199,133.180,-200.737,0.950,19.621,61.866,358.281,-28.569,-64.759,-16.563,-12.367,-12.959,6.263,-38.008,0.665,-5.072,59.023,0.044,4y7m_2_0001,0
SCORE:,-308.698,-1.990,-573.150,118.898,-168.235,1.096,16.001,60.492,294.345,-21.078,-47.662,-12.356,-14.764,-11.651,9.530,-30.581,0.233,5.552,66.364,0.257,4z9k_2_0001_0001,1
SCORE:,-319.664,-1.961,-592.433,124.821,-175.118,1.184,17.063,63.835,310.765,-21.206,-47.342,-15.657,-14.835,-13.031,10.426,-31.467,0.226,4.005,60.794,0.267,4z9k_2_0001,0
SCORE:,-318.789,1.923,-612.421,144.288,-193.441,1.155,20.356,68.487,342.708,-32.202,-55.627,-12.564,-10.034,-11.768,10.456,-32.013,0.457,-4.358,55.708,0.105,5ja8_2_0001_0001,1
SCORE:,-332.775,2.202,-632.333,151.656,-203.308,1.214,21.763,70.729,361.721,-31.944,-55.171,-19.848,-10.779,-11.953,9.944,-31.981,0.580,-5.530,50.138,0.122,5ja8_2_0001,0
SCORE:,-365.910,-1.678,-668.530,142.525,-199.719,1.236,19.576,76.975,370.031,-31.864,-58.998,-16.545,-14.985,-11.830,8.223,-37.059,0.270,-10.776,67.205,0.034,5lhn_2_0001_0001,1
SCORE:,-373.757,-1.559,-684.481,146.694,-205.309,1.271,20.531,80.225,383.763,-31.203,-59.252,-19.937,-15.873,-12.766,7.300,-35.310,0.243,-9.252,61.104,0.053,5lhn_2_0001,0
SCORE:,-401.930,-0.928,-671.388,135.209,-194.085,1.245,21.382,69.097,346.706,-27.720,-67.656,-13.080,-16.275,-16.096,9.338,-33.969,0.357,-3.494,59.362,0.065,5m13_2_0001,0
SCORE:,-388.000,-1.024,-653.151,127.308,-192.558,1.211,20.217,67.475,339.479,-27.426,-67.746,-13.261,-16.192,-15.260,10.193,-33.412,0.380,-2.868,68.563,0.072,5m13_2_0001_0001,1
SCORE:,-413.262,-1.933,-716.738,153.987,-236.295,1.276,23.694,71.836,421.431,-45.236,-58.601,-19.032,-17.097,-15.483,14.802,-33.866,0.385,-1.833,45.206,0.234,5o0w_2_0001,0
SCORE:,-395.320,-1.870,-696.122,147.353,-228.343,1.227,22.644,70.263,405.936,-44.424,-58.566,-14.871,-16.093,-14.785,14.746,-32.630,0.338,-1.042,50.776,0.141,5o0w_2_0001_0001,1
SCORE:,-334.015,-1.089,-636.528,166.203,-194.610,0.955,19.423,65.823,345.783,-22.464,-59.258,-12.621,-13.214,-13.045,8.668,-36.443,1.859,-5.534,51.981,0.097,4grw_a_2_0001,0
SCORE:,-337.033,-1.113,-618.501,153.157,-195.944,0.911,18.544,61.342,339.777,-23.156,-59.444,-14.594,-12.603,-11.281,9.242,-36.855,1.920,-6.620,58.082,0.102,4grw_a_2_0001_0001,1
SCORE:,-364.317,-2.326,-684.758,159.480,-222.584,1.302,22.644,68.215,409.525,-31.148,-63.549,-24.692,-11.783,-13.518,9.514,-30.589,0.285,-3.141,52.744,0.063,4w6y_2_0001,0
SCORE:,-357.762,-2.399,-664.126,152.595,-222.096,1.199,21.397,64.419,401.732,-33.213,-62.566,-24.506,-11.520,-10.818,10.228,-32.092,0.225,-5.116,58.846,0.049,4w6y_2_0001_0001,1
SCORE:,-382.604,-1.665,-653.606,141.163,-213.351,1.035,22.170,64.842,377.453,-31.955,-58.931,-20.995,-12.385,-15.179,8.522,-35.485,0.022,-6.754,52.379,0.115,5hgg_2_0001,0
SCORE:,-379.751,-1.558,-642.778,133.336,-212.139,0.992,21.107,64.067,372.913,-31.947,-59.134,-21.193,-12.573,-13.654,8.985,-36.822,0.022,-7.995,58.480,0.140,5hgg_2_0001_0001,1
SCORE:,-343.542,-1.500,-620.596,132.088,-208.247,1.073,18.310,66.016,357.928,-32.685,-60.470,-8.753,-18.251,-12.125,7.859,-28.667,0.540,2.349,61.201,0.388,4w6w_2_0001_0001,1
SCORE:,-379.680,-0.929,-668.000,143.265,-208.237,1.235,20.543,67.232,375.715,-25.202,-60.550,-20.293,-17.472,-11.974,3.953,-31.242,0.284,-5.799,57.240,0.552,1zvy_2_0001,0
SCORE:,-358.937,-0.959,-639.962,135.995,-196.024,1.196,20.241,65.865,352.021,-24.737,-61.698,-13.837,-17.734,-12.586,6.003,-30.411,0.357,-5.827,62.810,0.352,1zvy_2_0001_0001,1
SCORE:,-377.297,-0.417,-694.148,147.407,-214.993,1.253,23.634,75.787,399.483,-30.188,-62.038,-19.826,-14.236,-12.365,11.195,-38.059,0.235,-7.252,57.152,0.077,4lgs_2_0001,0
SCORE:,-373.370,-0.337,-667.718,132.723,-216.246,1.172,22.485,72.149,392.599,-32.713,-61.375,-19.957,-14.470,-9.232,11.863,-39.200,0.217,-8.261,62.833,0.098,4lgs_2_0001_0001,1
SCORE:,-340.265,-1.029,-576.771,129.699,-197.163,1.065,19.972,60.237,327.332,-26.435,-65.225,-13.219,-12.971,-7.234,7.360,-35.557,0.090,-2.921,52.466,0.039,4lhj_2_0001_0001,1
SCORE:,-337.660,-0.245,-663.739,158.693,-201.983,0.972,23.427,63.328,384.515,-33.445,-61.241,-14.287,-15.080,-10.244,6.705,-27.948,0.105,4.907,47.731,0.168,4hem_2_0001_0001,1
SCORE:,-296.474,0.000,-661.579,151.124,-194.160,1.174,18.718,77.416,378.737,-30.852,-61.976,-14.864,-12.827,-12.389,17.560,-26.569,1.014,8.887,63.869,0.243,4lhq_2_0001_0001,1
SCORE:,-339.255,-1.020,-611.720,146.326,-205.771,1.079,22.372,63.025,370.064,-33.230,-57.910,-18.872,-10.817,-12.939,8.195,-39.388,1.969,-4.669,44.039,0.010,4s10_2_0001_0001,1
SCORE:,-372.549,0.068,-667.290,137.289,-203.434,1.249,21.202,67.933,375.675,-28.690,-62.191,-14.984,-12.215,-12.157,7.732,-33.006,0.294,-4.744,54.676,0.043,5bop_2_0001,0
SCORE:,-354.202,0.088,-642.562,129.117,-193.830,1.197,20.051,67.031,357.957,-27.977,-62.816,-10.031,-12.442,-11.631,6.947,-32.628,0.267,-3.281,60.246,0.095,5bop_2_0001_0001,1
SCORE:,-353.878,-1.514,-643.799,143.172,-216.887,1.116,19.482,67.109,375.795,-30.553,-60.346,-14.267,-17.885,-13.001,8.234,-29.435,0.500,2.472,55.631,0.296,4w6w_2_0001,0
SCORE:,-345.913,-1.019,-596.579,142.195,-198.013,1.121,20.957,62.475,334.894,-26.528,-65.248,-13.793,-13.109,-8.727,7.367,-35.956,0.104,-2.684,46.592,0.039,4lhj_2_0001,0
SCORE:,-344.633,-0.248,-684.511,168.151,-203.819,1.015,24.555,65.920,391.411,-33.665,-60.327,-12.959,-14.989,-12.371,7.048,-27.839,0.112,4.318,43.469,0.094,4hem_2_0001,0
SCORE:,-308.857,0.000,-681.173,157.530,-204.250,1.229,19.688,81.026,395.761,-29.577,-61.415,-19.089,-12.719,-11.424,17.257,-27.650,0.993,6.450,58.299,0.208,4lhq_2_0001,0
SCORE:,-352.090,-1.043,-637.513,156.074,-208.093,1.135,23.947,66.584,377.074,-32.747,-57.767,-18.723,-10.624,-14.975,8.126,-38.805,2.014,-5.136,38.358,0.025,4s10_2_0001,0
SCORE:,-317.953,-1.652,-594.359,139.539,-196.009,1.099,20.244,56.335,350.788,-18.415,-59.736,-17.846,-13.272,-9.389,10.124,-34.597,1.179,-3.734,51.674,0.073,5my6_2_0001_0001,1
SCORE:,-377.444,-0.854,-657.579,131.896,-205.884,1.095,20.380,67.556,372.058,-26.898,-62.532,-17.141,-15.033,-10.055,7.271,-32.845,0.031,-7.130,58.027,0.193,5imk_2_0001_0001,1
SCORE:,-368.323,-1.165,-656.482,136.012,-206.781,1.122,20.053,67.506,366.946,-21.979,-65.587,-17.298,-13.433,-9.181,11.279,-31.254,0.335,-4.698,56.254,0.031,4i0c_2_0001_0001,1
SCORE:,-364.972,-0.518,-660.389,135.558,-196.427,1.129,22.444,69.523,356.354,-28.445,-63.336,-14.489,-10.648,-12.116,13.493,-40.638,1.039,-2.489,64.922,0.060,4ocl_2_0001_0001,1
SCORE:,-332.128,-1.712,-615.191,149.375,-203.601,1.177,22.400,58.814,360.123,-18.383,-60.047,-22.090,-13.283,-10.362,10.427,-34.617,1.276,-2.408,45.800,0.174,5my6_2_0001,0
SCORE:,-391.964,-0.889,-680.059,143.235,-211.948,1.138,21.620,69.596,385.269,-27.572,-62.843,-19.013,-14.893,-10.755,6.968,-33.205,0.039,-7.650,48.826,0.172,5imk_2_0001,0
SCORE:,-381.612,-1.128,-676.945,140.893,-208.591,1.155,20.709,69.905,375.752,-21.691,-66.243,-16.625,-13.415,-11.860,10.808,-30.988,0.384,-4.032,50.152,0.148,4i0c_2_0001,0
SCORE:,-373.790,-0.521,-678.019,144.511,-198.663,1.158,22.938,71.053,366.028,-28.504,-63.336,-16.645,-10.711,-12.769,13.978,-40.774,1.106,-2.654,57.991,0.043,4ocl_2_0001,0
